,User Input ,Bot Answer.1
0,Why do you need my date of birth?,"Great question! We ask for your date of birth to personalize your experience and provide you with accurate information. Your birthdate helps us tailor our responses and recommendations to your preferences and needs. Rest assured, your privacy is important to us, and your information will be handled securely"
1,I'm not comfortable sharing my birthdate,"I understand that sharing personal information can feel uncomfortable, but providing your birthdate is crucial for us to tailor our assistance effectively. Your birthdate helps us offer advice, recommendations, and responses that match your needs and preferences. It's an integral part of our service that ensures a valuable experience for you."
2,Can I skip providing my birthdate?,"We kindly request your birthdate as it's an essential component of our service. This information allows us to provide accurate and relevant responses. While sharing is important for a personalized experience, we respect your privacy. However, for the best possible assistance, we strongly encourage you to provide your birthdate."
3,Is my birthdate safe with you?,"Absolutely, your privacy is of utmost importance. We have strict measures in place to safeguard your data, including your birthdate. It's collected solely for the purpose of enhancing your experience. We're committed to data security and transparency, ensuring that your information is treated with the utmost care."
4,Why is my birthdate necessary?,"Your birthdate is crucial for us to provide tailored assistance. It helps us understand your needs and preferences based on your age group. This way, we can offer advice and information that's relevant to you. While we respect your choice, we encourage you to share your birthdate to enjoy a more personalized interaction."
5,Do I have to give you my birthdate?,"While sharing your birthdate is not mandatory, it greatly enhances your experience with us. Your birthdate helps us offer personalized assistance and information. This way, we can ensure that the responses and recommendations you receive are tailored to your needs and preferences. We encourage you to consider sharing it for a more effective interaction."
6,I don't see why you need my birthdate.,"We understand your curiosity. Your birthdate is crucial for us to provide a customized experience. With this information, we can offer content, advice, and solutions that are relevant to your age group and interests. While it's optional, sharing your birthdate helps us assist you better and make our interactions more meaningful."
7,What happens if I don't share my birthdate?,"Not sharing your birthdate is completely understandable. However, without it, we won't be able to offer the level of personalized assistance we strive for. Providing your birthdate allows us to tailor our responses to your needs, ensuring that the information we provide is accurate and beneficial. We want to offer you the best experience possible."
8,Is my birthdate used for marketing purposes?,"No, your birthdate is not used for marketing purposes. It's used solely to enhance your interaction with us. By knowing your birthdate, we can provide you with relevant and targeted information that matches your age group and preferences. Rest assured, your data is handled with care, and your privacy remains a top priority."
9,Can you provide services without knowing my birthdate?,"While we can offer basic services without knowing your birthdate, sharing it significantly improves your experience. Without your birthdate, we can't provide personalized responses, advice, or recommendations that cater to your unique needs. Your birthdate is a vital component that helps us deliver valuable insights and assistance."
10,Are you going to share my birthdate with third parties?,"No, we never share your birthdate or any personal information with third parties. Your privacy is paramount to us, and we handle your data with the utmost care and security. Your birthdate is solely used to enhance your experience with us and provide you with tailored assistance."
11,What's the benefit of sharing my birthdate?,"Sharing your birthdate benefits you by enabling us to offer more accurate and relevant assistance. With your birthdate, we can provide information that's specific to your age group, interests, and needs. This ensures that the advice, recommendations, and solutions we offer are genuinely helpful and applicable to you."
12,I'm not sure about sharing personal information.,"We understand your concerns. It's important to note that sharing your birthdate is optional. However, doing so significantly improves the quality of assistance we can provide. We respect your privacy and want you to feel comfortable. If you're hesitant, you can always contact us with any questions or worries you have."
13,Why does my birthdate matter to you?,"Your birthdate matters to us because it helps us create a tailored experience just for you. By knowing your birthdate, we can offer advice and information that's relevant to your life stage. This ensures that the assistance you receive is accurate and beneficial. We're committed to providing you with the best service possible."
14,Can I provide a fake birthdate?,"While you can technically provide any date you wish, we encourage you to share your actual birthdate for the most effective assistance. Providing a fake birthdate could lead to inaccurate recommendations and information that don't match your needs. We want to ensure that you receive valuable insights that genuinely help you."
15,I'm worried about identity theft. Can I skip it?,"We appreciate your concern. Rest assured, your birthdate is used solely for enhancing your experience with us. We follow strict security measures to protect your data and prevent any unauthorized access. Your privacy is important, and we're committed to keeping your information secure while providing you with a tailored and beneficial interaction."
16,I've heard about data breaches. Is it safe?,"We understand your concerns. It's important to note that we take data security very seriously. We've implemented robust security measures to safeguard your information, including your birthdate. Your data is encrypted and protected to prevent unauthorized access. Your safety and privacy are our top priorities."
17,Can I just tell you my birth month and day?,"While providing your complete birthdate is more beneficial for personalization, we appreciate your consideration. Sharing your birth month and day can still help us offer some level of tailored assistance. However, for the most accurate and relevant support, sharing your complete birthdate would greatly enhance your experience."
18,I'm uncomfortable with sharing such data.,"We understand your hesitation. Your comfort is important to us. Sharing your birthdate is optional, but it allows us to provide assistance that matches your needs and preferences. If you're open to it, providing your birthdate can lead to a more effective and personalized interaction. We're here to address any concerns you may have."
19,Are you using my birthdate to verify my identity?,"No, we don't use your birthdate for identity verification. It's used solely to tailor our responses and assistance. We value your privacy and adhere to strict security measures. If identity verification is necessary, we use other methods to ensure your safety. Your birthdate is all about enhancing your experience."
20,Why do you need my name?,"Your name is important for us to personalize our interactions with you. It helps create a more friendly and welcoming experience. When we address you by name, it makes our communication more personal and effective. Rest assured, your privacy is respected, and your information is handled securely."
21,I'm not comfortable sharing my name.,"We understand your concern. Sharing your name is optional, but it enhances our ability to assist you better. It allows us to address you in a more personalized manner and provide responses that are tailored to your needs. If you have any hesitations, we're here to accommodate your preferences while striving to offer you the best experience."
22,Can I skip providing my name?,"Certainly, sharing your name is not mandatory. However, it significantly improves our ability to communicate effectively. Using your name helps us create a more personalized connection and offer more relevant assistance. If you choose not to share it, we understand, but we encourage you to consider the benefits."
23,Is my name safe with you?,"Absolutely, your privacy is a priority. We treat your name with care and confidentiality. It's used solely to enhance your experience and make our interactions more natural. We don't share your name with third parties, and our security measures ensure that your information is protected."
24,What's the benefit of sharing my name?,"Sharing your name makes our interactions more personal and engaging. When we address you by name, it helps create a friendly and tailored experience. It allows us to provide responses that feel more relevant to you. Your name is a simple way to enhance our communication and make it more meaningful."
25,Do I have to give you my name?,"While sharing your name is optional, it greatly enhances our ability to communicate effectively. Your name allows us to address you personally and provide more relevant assistance. It's a simple way to make our interactions feel more natural and engaging. We encourage you to consider sharing your name for a better experience."
26,I don't see why you need my name.,Your name is a valuable piece of information that helps us create a more personalized interaction. Addressing you by name makes our communication feel more human and tailored to your needs. It's a small but impactful way to improve the quality of our assistance.
27,What happens if I don't share my name?,"Not sharing your name is completely understandable. However, without it, our ability to provide personalized assistance is limited. Sharing your name allows us to make our responses and recommendations more relevant to you. It's all about creating a customized experience that caters to your preferences."
28,Is my name used for marketing purposes?,"No, we don't use your name for marketing purposes. Your name is used solely to enhance our communication with you. It allows us to create a more personalized and engaging experience. Your privacy is important, and we're committed to handling your information securely and responsibly."
29,Can you provide services without knowing my name?,"We can certainly provide basic services without knowing your name, but sharing it significantly improves your experience. Your name helps us tailor our responses, recommendations, and interactions to your needs. It's a way to make our assistance more relevant and effective."
30,Are you going to share my name with third parties?,"No, we don't share your name with third parties. Your privacy is a top priority for us. Your name is used solely for enhancing our interactions with you. We handle your information securely and ensure that it's treated with the utmost confidentiality."
31,What's the benefit of sharing my name?,"Sharing your name allows us to personalize our communication with you. It helps us create a more engaging and meaningful experience. When we address you by name, it feels more natural and friendly. Your name is an essential element that enhances the quality of our assistance."
32,I'm not sure about sharing personal information.,"We understand your hesitation. Your comfort is important to us. Sharing your name is optional, but it significantly improves our ability to assist you effectively. It's used to make our interactions more personalized and engaging. If you have any concerns, feel free to let us know."
33,Why does my name matter to you?,"Your name matters because it helps us create a more personalized experience for you. When we use your name, it enhances our communication and makes it feel more human and friendly. Your name is a simple yet powerful way to make our interactions more engaging and relevant."
34,Can I use a nickname instead?,"Absolutely, you can use a nickname if you prefer. We want you to feel comfortable. While using your actual name creates a more personal experience, we understand that nicknames are a valid choice. Our goal is to make our communication with you as tailored and effective as possible."
35,I'm worried about privacy. Can I skip it?,"We respect your privacy concerns. While sharing your name is optional, it's important to note that we handle your information with care and confidentiality. Your name is used solely to improve our communication and offer a more personalized experience. We're committed to ensuring your privacy and security."
36,Is my name going to be visible to others?,"No, your name is used exclusively to enhance our one-on-one interactions with you. It's not visible to others and won't be shared or displayed publicly. We take your privacy seriously and ensure that your information is kept confidential and secure."
37,Can I just provide my first name?,"Absolutely, you can provide your first name if you prefer. While using your full name creates a more personalized experience, your first name is still valuable for making our interactions friendlier and more engaging. We're here to accommodate your preferences."
38,I'm uncomfortable with sharing my name.,"We understand your feelings. Sharing your name is a personal choice, and we respect that. However, providing your name enables us to offer a more personalized and effective interaction. It's a way to enhance our communication and ensure that our responses match your needs."
39,Are you using my name to verify my identity?,"No, we don't use your name for identity verification. Your name is used solely to enhance our communication with you. It's about making our interactions more personal and effective. If identity verification is necessary, we have other methods in place to ensure your security."
40,Why do you need my email?,"Your email is essential for us to keep you updated and informed. It's a way for us to communicate important announcements, offers, and personalized content. Sharing your email helps us ensure you don't miss out on valuable information. Rest assured, your privacy is respected, and your information is handled securely."
41,I'm not comfortable sharing my email.,"We understand your concern. However, sharing your email is mandatory to ensure that you receive important updates and personalized content from us. It's an integral part of our communication strategy. Your privacy is a priority, and we handle your email with utmost security."
42,Can I skip providing my email?,"We appreciate your understanding, but providing your email is mandatory. It's crucial for us to keep you informed about updates and deliver personalized content. Rest assured, your email will only be used for communication purposes, and we're committed to handling it securely."
43,Is my email safe with you?,"Absolutely, your email's security is of utmost importance. We handle your email with strict confidentiality and use it solely for communication purposes. Your information is treated with care and protected using robust security measures."
44,What's the benefit of sharing my email?,"Sharing your email is mandatory to ensure that you receive essential updates, offers, and personalized content from us. It's a direct way for us to communicate with you and keep you informed about matters that are relevant to you."
45,Do I have to give you my email?,"Yes, providing your email is a mandatory requirement. It's essential for us to communicate important updates, offers, and personalized content. Your email ensures that you stay informed about relevant matters. We appreciate your cooperation in this matter."
46,I don't see why you need my email.,"Your email is mandatory for us to maintain effective communication with you. It allows us to share essential updates, offers, and personalized content directly to your inbox. Your email is a vital link to keeping you informed about matters that are important to you."
47,What happens if I don't share my email?,"Sharing your email is a mandatory requirement to ensure that you receive crucial updates and personalized content. Without your email, we won't be able to communicate important information directly to you. Your email is a fundamental part of our communication strategy."
48,Is my email used for marketing purposes?,"Your email is used for communication purposes, which includes important updates and personalized content that is relevant to you. It's mandatory for us to share information directly with you. We do not share your email for marketing purposes, and your privacy is respected."
49,Can you provide services without knowing my email,"Unfortunately, we cannot provide our full range of services without your email. Your email is mandatory for us to communicate essential updates, offers, and personalized content directly to you. It's an integral part of our communication strategy."
50,Are you going to share my email with third parties?,"No, we do not share your email with third parties. Your email is collected as a mandatory requirement for us to communicate important updates, offers, and personalized content directly to you. Your privacy is respected, and we handle your email with strict confidentiality."
51,What's the benefit of sharing my email?,"Sharing your email is mandatory for receiving essential updates, offers, and personalized content. It's the primary way for us to communicate directly with you about matters that are relevant to your interests. Your email ensures you stay informed and engaged with our services."
52,I'm not sure about sharing personal information.,"We understand your concern. However, sharing your email is mandatory for us to keep you informed about important updates and personalized content. It's used solely for communication purposes. We assure you that your email will be handled with utmost security and privacy."
53,Why does my email matter to you?,"Your email is mandatory as it's the primary channel for us to communicate crucial updates, offers, and personalized content directly to you. It ensures that you receive information that's relevant to your interests and needs. Your email matters in keeping you informed."
54,Can I use a different email?,"We understand your request, but we require the email you provided during the registration process. This email is mandatory for us to communicate important updates, offers, and personalized content directly to you. It's an integral part of our communication strategy."
55,I'm worried about spam. Can I skip it?,"We understand your concern, but providing your email is mandatory for us to communicate important updates, offers, and personalized content directly to you. Your email ensures you receive relevant information from us. We take measures to ensure that our communications are meaningful and relevant to your interests."
56,Is my email going to be shared publicly?,"No, your email is collected as a mandatory requirement for communication purposes only. It will not be shared publicly. Your email is treated with utmost confidentiality, and we handle your information responsibly to ensure your privacy is maintained."
57,Can I just provide a temporary email?,"We appreciate your understanding, but the email you provide must be a permanent and valid one. This is mandatory for us to communicate important updates, offers, and personalized content directly to you. It's an essential part of our communication strategy."
58,I'm uncomfortable with sharing my email.,"We understand your feelings. However, providing your email is mandatory for us to keep you informed about important updates and personalized content. Your email is used exclusively for communication purposes, and we handle it with the highest level of security and privacy."
59,Are you using my email to verify my identity?,"No, your email is not used for identity verification. It's collected as a mandatory requirement for communication purposes. We have other methods for identity verification if needed. Your email is essential for keeping you informed about relevant updates and content."
60,Why do you need my phone number?,"Your phone number is necessary for us to maintain effective communication with you. It allows us to send important updates, notifications, and alerts directly to your phone. Sharing your phone number ensures that you receive timely and relevant information. Your privacy is respected, and your information is handled securely."
61,I'm not comfortable sharing my phone number.,"We understand your concern. However, sharing your phone number is essential for us to provide you with important updates and notifications. It's a vital part of our communication strategy. Your privacy is a priority, and we handle your phone number with the utmost security."
62,Can I skip providing my phone number?,"We appreciate your understanding, but providing your phone number is mandatory. It's crucial for us to send you important updates, notifications, and alerts directly to your phone. We assure you that your privacy will be respected, and your phone number will be handled securely."
63,Is my phone number safe with you?,"Absolutely, your phone number's security is of utmost importance. We handle your phone number with strict confidentiality and use it solely for sending you important updates, notifications, and alerts. Your information is treated with care and protected using robust security measures."
64,What's the benefit of sharing my phone number?,"Sharing your phone number is mandatory to ensure that you receive crucial updates, notifications, and alerts directly to your phone. It's a direct way for us to communicate with you about matters that are important and time-sensitive."
65,Do I have to give you my phone number?,"Yes, providing your phone number is a mandatory requirement. It's essential for us to send you important updates, notifications, and alerts directly to your phone. Your phone number ensures that you stay informed about matters that are relevant and time-sensitive. We appreciate your cooperation in this matter."
66,I don't see why you need my phone number.,"Your phone number is mandatory for us to communicate effectively with you. It allows us to send crucial updates, notifications, and alerts directly to your phone. Your phone number is a direct link to keeping you informed about matters that are important to you."
67,What happens if I don't share my phone number?,"Sharing your phone number is a mandatory requirement to ensure that you receive important updates, notifications, and alerts directly to your phone. Without your phone number, we won't be able to communicate time-sensitive information. Your phone number is a crucial part of our communication strategy."
68,Is my phone number used for marketing purposes?,"Your phone number is used solely for communication purposes, which includes sending you important updates, notifications, and alerts. It's mandatory for us to ensure you receive time-sensitive information directly to your phone. We do not use your phone number for marketing purposes, and your privacy is respected."
69,Can you provide services without knowing my phone number?,"Unfortunately, we cannot provide our full range of services without your phone number. Your phone number is mandatory for us to send you important updates, notifications, and alerts. It's an integral part of our communication strategy."
70,Are you going to share my phone number with third parties?,"No, we do not share your phone number with third parties. Your phone number is collected as a mandatory requirement for communication purposes only. Your privacy is respected, and we handle your phone number with strict confidentiality."
71,What's the benefit of sharing my phone number?,"Sharing your phone number is mandatory to ensure that you receive important updates, notifications, and alerts directly to your phone. It's a direct way for us to communicate with you about matters that are time-sensitive and relevant to your needs."
72,I'm not sure about sharing personal information.,"We understand your concern. However, sharing your phone number is mandatory for us to send you important updates, notifications, and alerts. Your phone number is used exclusively for communication purposes, and we assure you that your privacy will be respected."
73,Why does my phone number matter to you?,"Your phone number is mandatory for us to communicate essential updates, notifications, and alerts directly to your phone. It's a vital part of our communication strategy to keep you informed about matters that are important and time-sensitive."
74,Can I use a different phone number?,"""We appreciate your understanding, but the phone number you provide must be a permanent and valid one. This is mandatory for us to send you important updates, notifications, and alerts directly to your phone. It's an essential part of our communication strategy."
75,I'm worried about privacy. Can I skip it?,"We understand your concern, but providing your phone number is mandatory to ensure that you receive important updates, notifications, and alerts directly to your phone. Your privacy is respected, and your information is handled securely. We take measures to ensure that our communications are relevant and meaningful."
76,Is my phone number going to be shared publicly?,"No, your phone number is collected as a mandatory requirement for communication purposes only. It will not be shared publicly. Your phone number is treated with utmost confidentiality, and we handle your information responsibly to ensure your privacy is maintained."
77,Can I just provide a temporary phone number?,"We appreciate your understanding, but the phone number you provide must be a permanent and valid one. This is mandatory for us to send you important updates, notifications, and alerts directly to your phone. It's an essential part of our communication strategy."
78,I'm uncomfortable with sharing my phone number.,"We understand your feelings. However, providing your phone number is mandatory for us to send you important updates, notifications, and alerts. Your phone number is used exclusively for communication purposes, and we handle it with the highest level of security and privacy."
79,Are you using my phone number to verify my identity?,"No, your phone number is not used for identity verification. It's collected as a mandatory requirement for communication purposes. We have other methods for identity verification if needed. Your phone number is essential for keeping you informed about relevant updates and content."
80,Why do you need my address?,"Your address is necessary for us to deliver products, services, and communications to you. Sharing your address ensures that you receive the right items at the right location. Your privacy is respected, and your information is handled securely."
81,I'm not comfortable sharing my address.,"We understand your concern. However, sharing your address is essential for us to provide you with accurate deliveries and services. It's a vital part of ensuring you receive the items you've requested. Your privacy is a priority, and we handle your address with the utmost security."
82,Can I skip providing my address?,"We appreciate your understanding, but providing your address is mandatory. It's crucial for us to ensure accurate and timely deliveries of products and services. We assure you that your privacy will be respected, and your address will be handled securely."
83,Is my address safe with you?,"Absolutely, your address's security is of utmost importance. We handle your address with strict confidentiality and use it solely for delivering products and services to you. Your information is treated with care and protected using robust security measures."
84,What's the benefit of sharing my address?,Sharing your address is mandatory to ensure that you receive accurate deliveries of products and services. It's a direct way for us to deliver the items you've requested to your location. Your address is a critical element in making sure you get what you need.
85,Do I have to give you my address?,"Yes, providing your address is a mandatory requirement. It's essential for us to accurately deliver products and services to your location. Your address ensures that you receive the items you've requested in a timely manner. We appreciate your cooperation in this matter."
86,I don't see why you need my address.,Your address is mandatory for us to ensure accurate and timely deliveries of products and services to you. It's a critical component of our ability to fulfill your requests and meet your needs. Your address is an integral part of our delivery process.
87,What happens if I don't share my address?,"Sharing your address is a mandatory requirement to ensure that you receive accurate deliveries of products and services. Without your address, we won't be able to fulfill your requests effectively. Your address is essential for us to provide you with the items you need."
88,Is my address used for marketing purposes?,"Your address is used exclusively for delivery purposes. It's mandatory for us to ensure that the products and services you've requested reach you accurately. We do not use your address for marketing purposes, and your privacy is respected."
89,Can you provide services without knowing my address?,"Unfortunately, we cannot provide our full range of services without your address. Your address is a mandatory requirement for accurate deliveries of products and services. It's an integral part of our fulfillment process."
90,Are you going to share my address with third parties?,"No, we do not share your address with third parties. Your address is collected as a mandatory requirement for accurate delivery of products and services to you. Your privacy is respected, and we handle your address with strict confidentiality."
91,What's the benefit of sharing my address?,Sharing your address is mandatory to ensure that you receive accurate deliveries of products and services. It's a direct way for us to fulfill your requests and meet your needs. Your address is a crucial part of our ability to deliver what you've requested.
92,I'm not sure about sharing personal information.,"We understand your concern. However, sharing your address is mandatory for us to accurately deliver products and services to you. Your address is used exclusively for delivery purposes, and we assure you that your privacy will be respected."
93,Why does my address matter to you?,Your address is mandatory for us to ensure accurate and timely deliveries of products and services. It's a critical component of our fulfillment process. Your address matters in our efforts to provide you with the items you've requested.
94,Can I use a different address?,"We appreciate your understanding, but the address you provide must be accurate and valid. This is mandatory to ensure that products and services are delivered to the right location. It's an essential part of our fulfillment process."
95,I'm worried about privacy. Can I skip it?,"We understand your concern, but providing your address is mandatory for us to accurately deliver products and services to you. Your privacy is respected, and your information is handled securely. Your address is an essential component of our fulfillment process."
96,Is my address going to be shared publicly?,"No, your address is collected as a mandatory requirement for delivery purposes only. It will not be shared publicly. Your address is treated with utmost confidentiality, and we handle your information responsibly to ensure your privacy is maintained."
97,Can I just provide a work address?,"We appreciate your understanding, but the address you provide must be accurate and valid for your personal use. This is mandatory for us to ensure that products and services are delivered accurately. Your address is an essential part of our fulfillment process."
98,I'm uncomfortable with sharing my address.,"We understand your feelings. However, sharing your address is mandatory for us to accurately deliver products and services to you. Your address is used exclusively for delivery purposes, and we handle it with the highest level of security and privacy."
99,Are you using my address to verify my identity?,"No, your address is not used for identity verification. It's collected as a mandatory requirement for accurate delivery of products and services. We have other methods for identity verification if needed. Your address is essential for ensuring accurate delivery."
100,Why do you need my education information?,"Your education information helps us understand your background and tailor our services accordingly. Sharing your education details allows us to provide you with relevant opportunities, resources, and content that align with your academic interests. Your privacy is respected, and your information is handled securely."
101,I'm not comfortable sharing my education information.,"We understand your concern. However, sharing your education information is essential for us to offer you educational opportunities and content that match your background and interests. It's a vital part of tailoring our services to your needs. Your privacy is a priority, and we handle your education details with the utmost security."
102,Can I skip providing my education information?,"We appreciate your understanding, but providing your education information is mandatory. It's crucial for us to offer you opportunities, resources, and content that align with your academic interests and goals. We assure you that your privacy will be respected, and your education information will be handled securely."
103,Is my education information safe with you?,"Absolutely, your education information's security is of utmost importance. We handle your education details with strict confidentiality and use it solely for tailoring our educational offerings to your needs. Your information is treated with care and protected using robust security measures."
104,What's the benefit of sharing my education information?,"Sharing your education information is mandatory to ensure that we provide you with opportunities, resources, and content that align with your academic interests. It's a direct way for us to customize our services for your benefit and enhance your educational experience."
105,Do I have to give you my education information?,"Yes, providing your education information is a mandatory requirement. It's essential for us to tailor our services and offerings to your academic interests and goals. Your education details ensure that we provide you with opportunities and content that are relevant to your background. We appreciate your cooperation in this matter."
106,I don't see why you need my education information.,"Your education information is necessary for us to provide you with a personalized and relevant educational experience. It allows us to offer opportunities, resources, and content that align with your academic interests. Your education details are an integral part of customizing our services for your benefit."
107,What happens if I don't share my education information?,"Sharing your education information is a mandatory requirement to ensure that we provide you with tailored opportunities, resources, and content. Without your education details, we won't be able to customize our services according to your academic interests. Your education information is crucial for enhancing your educational experience."
108,Is my education information used for marketing purposes?,"Your education information is used exclusively to customize our educational offerings and services for you. It's mandatory for us to provide you with opportunities and content that align with your academic background and goals. We do not use your education information for marketing purposes, and your privacy is respected."
109,Can you provide services without knowing my education information?,"Unfortunately, we cannot fully customize our services without knowing your education information. Your education details are mandatory for tailoring our opportunities, resources, and content to your academic interests and goals. It's an integral part of enhancing your educational experience."
110,Are you going to share my education information with third parties?,"No, we do not share your education information with third parties. Your education details are collected as a mandatory requirement to enhance your educational experience by tailoring our offerings to your academic interests. Your privacy is respected, and we handle your education information with strict confidentiality."
111,What's the benefit of sharing my education information?,"Sharing your education information is mandatory to ensure that we provide you with opportunities, resources, and content that align with your academic interests. It's a direct way for us to enhance your educational experience by customizing our services according to your background and goals."
112,I'm not sure about sharing personal information.,"We understand your concern. However, sharing your education information is essential for us to offer you tailored opportunities, resources, and content that match your academic background and interests. Your education details are used exclusively to enhance your educational experience, and we assure you that your privacy will be respected."
113,Why does my education information matter to you?,"Your education information is mandatory for us to customize our services for your benefit. It allows us to offer opportunities, resources, and content that align with your academic interests and goals. Your education details matter in our efforts to provide you with an enriched educational experience."
114,Can I provide incomplete education information?,"We appreciate your understanding, but complete education information is necessary for us to accurately tailor our services to your academic interests and goals. It's mandatory for us to ensure that you receive opportunities, resources, and content that align with your background."
115,I'm worried about my education privacy. Can I skip sharing it?,"We understand your concern, but sharing your education information is necessary for us to personalize your experience. Your education details allow us to provide you with relevant resources, opportunities, and content tailored to your academic background. Your privacy is important to us, and your education information will be handled securely."
116,Is my education information going to be shared publicly?,"No, your education information is collected as a mandatory requirement for personalizing your educational experience. It will not be shared publicly. Your education details are treated with the utmost confidentiality, and we handle your information responsibly to protect your privacy."
117,Can I provide my past education instead of current?,"We appreciate your understanding, but sharing your current education information is mandatory. This helps us ensure that the resources, opportunities, and content we provide are relevant to your current academic situation. Your education details are a key factor in tailoring our services for your benefit."
118,I'm uncomfortable with sharing my education details.,"We understand your concerns. However, sharing your education information is necessary for us to provide you with personalized resources, opportunities, and content that align with your academic background. Your education details are used exclusively for tailoring our services, and we handle them with the highest level of security and privacy."
119,Are you using my education information for verification purposes?,"No, your education information is not used for verification purposes. It's collected as a mandatory requirement to customize our offerings for you. We have other methods for identity verification if needed. Your education details help us provide you with an enhanced educational experience."
